{"cameraMode":{"drawMode":0,"name":"Shaded","section":"Shading Mode"},"sceneLighting":true,"audioPlay":false,"sceneViewState":{"m_AlwaysRefresh":false,"showFog":true,"showSkybox":true,"showFlares":true,"showImageEffects":true,"showParticleSystems":true,"showVisualEffectGraphs":true,"m_FxEnabled":true},"in2DMode":false,"pivot":{"x":107.64031219482422,"y":392.98956298828127,"z":41.130348205566409},"rotation":{"x":-0.14529398083686829,"y":0.0005911418120376766,"z":-0.00008672541298437864,"w":-0.9893896579742432},"size":252.3180694580078,"orthographic":false}