{"cameraMode":{"drawMode":0,"name":"Shaded","section":"Shading Mode"},"sceneLighting":true,"audioPlay":false,"sceneViewState":{"m_AlwaysRefresh":false,"showFog":true,"showSkybox":true,"showFlares":true,"showImageEffects":true,"showParticleSystems":true,"showVisualEffectGraphs":true,"m_FxEnabled":true},"in2DMode":false,"pivot":{"x":-68.61624908447266,"y":187.07325744628907,"z":125.24237060546875},"rotation":{"x":-0.003306163474917412,"y":-0.047384459525346759,"z":0.00015702178643550724,"w":-0.9988733530044556},"size":545.1056518554688,"orthographic":false}